Zimmern,Номера,,~Ich wohne in einer Villa mit zehn <strong>Zimmern</strong>. [is it weak noun or?],"<b>z<font color=""#ff0000"">i</font>mmern</b>

<ul>
  <li>
  transitives Verb — переходный глагол
  <ul>
  <li>
  мастерить, строить
  <font color=""#ff0000"">e</font><font color=""#ff0000"">i</font>nen Tisch z<font color=""#ff0000"">i</font>mmern — сколотить стол
</li>
  <li>
  sich <i>(</i>Dativ — дательный падеж<i>) </i>sein L<font color=""#ff0000"">e</font>ben z<font color=""#ff0000"">i</font>mmern — устраивать свою жизнь
</li>
</ul>
</li>
  <li>
  intransitives Verb — непереходный глагол <i>(an </i> Dativ — дательный падеж )  плотничать
</li>
</ul>
<b>zimmern</b>
плотничать
<b>Z<font color=""#ff0000"">i</font>mmer</b>

Neutrum — (существительное) среднего рода <-s, ->
<ul>
  <li>
  комната; номер  <span color=""grey""><i>(в гостинице)</i></span>
  das Z<font color=""#ff0000"">i</font>mmer <font color=""#ff0000"">a</font><font color=""#ff0000"">u</font>fräumen — прибираться в комнате
ein Z<font color=""#ff0000"">i</font>mmer m<font color=""#ff0000"">i</font><font color=""#ff0000"">e</font>ten — снимать комнату
</li>
  <li>
  сокращение, сокращенно — Abkürzung <i>от </i> Zimmereinrichtung  обстановка [убранство] комнаты
</li>
</ul>
<b>Zimmer</b>
(Neutrum) средний род
<ul>
  <li>
  комната; кабинет
</li>
  <li>
  архитектура деревянная обшивка, деревянная облицовка
</li>
</ul>
<b>Zimmer</b>

комната"
gibt,дает,,Es <strong>gibt</strong> einen schönen Garten.,"<b>gibt</b>
Präsens — презенс, настоящее время <i>от </i> 
<b>g<font color=""#ff0000"">e</font>ben*</b>

<ul>
  <li>
  transitives Verb — переходный глагол
  <ul>
  <li>
  давать, подавать
  j-m ein Buch g<font color=""#ff0000"">e</font>ben — дать кому-л книгу
j-m F<font color=""#ff0000"">e</font><font color=""#ff0000"">u</font>er g<font color=""#ff0000"">e</font>ben — дать прикурить
j-m was zu <font color=""#ff0000"">e</font>ssen g<font color=""#ff0000"">e</font>ben — давать кому-л что-л поесть
j-m die Hand g<font color=""#ff0000"">e</font>ben — подавать кому-л руку  <i>(при встрече и т. п.)</i>
</li>
  <li>
  давать, дарить
  etw. <i>(</i>Akkusativ — винительный падеж<i>) </i>zum Geb<font color=""#ff0000"">u</font>rtstag g<font color=""#ff0000"">e</font>ben — дарить что-л на день рождения
</li>
  <li>
  отдавать, сдавать
  das <font color=""#ff0000"">A</font><font color=""#ff0000"">u</font>to zu Reparat<font color=""#ff0000"">u</font>r g<font color=""#ff0000"">e</font>ben — отдавать машину в ремонт
das Gepäck in die Gepäckaufbewahrung g<font color=""#ff0000"">e</font>ben — сдавать багаж в камеру хранения
das Buch in Druck g<font color=""#ff0000"">e</font>ben — сдать книгу в печать
die <font color=""#ff0000"">E</font>ltern in Pfl<font color=""#ff0000"">e</font>ge g<font color=""#ff0000"">e</font>ben — отдать родителей на попечение
</li>
  <li>
  физкультура и спорт — Sport подавать, делать подачу
</li>
  <li>
  давать, предоставлять
  j-m Zeit g<font color=""#ff0000"">e</font>ben — давать время кому-л
j-m <font color=""#ff0000"">e</font><font color=""#ff0000"">i</font>ne Geleg<font color=""#ff0000"">e</font>nheit zu etw. <i>(</i>Dativ — дательный падеж<i>) </i>g<font color=""#ff0000"">e</font>ben — предоставить кому-л какую-л возможность
dem K<font color=""#ff0000"">u</font>nden Kred<font color=""#ff0000"">i</font>t geben — предоставить клиенту кредит
j-m das Recht geben — давать кому-л право
j-m die <font color=""#ff0000"">A</font>ntwort geben — ответить кому-л
j-m ein Verspr<font color=""#ff0000"">e</font>chen geben — пообещать кому-л что-л
j-m Besch<font color=""#ff0000"">e</font><font color=""#ff0000"">i</font>d geben — дать знать кому-л
</li>
  <li>
  давать, придавать
  j-m Mut geben — придавать кому-л смелости
j-m H<font color=""#ff0000"">o</font>ffnung geben — давать надежду кому-л твёрдость
</li>
  <li>
  давать, устраивать
  ein Konz<font color=""#ff0000"">e</font>rt geben — устраивать концерт
</li>
  <li>
  давать  <span color=""grey""><i>(какой-л результат)</i></span>
</li>
  <li>
  издавать  <span color=""grey""><i>(звук)</i></span> , давать, подавать  <span color=""grey""><i>(знак)</i></span>
</li>
  <li>
  <i>(auf </i> Akkusativ — винительный падеж )  придавать значение  <span color=""grey""><i>(чему-л)</i></span>
  viel auf Geld geben — придавать большое значение деньгам
</li>
  <li>
  диалектное слово — dialektal; в территориально ограниченном употреблении —landschaftlich, regional класть, добавлять  <span color=""grey""><i>(в еду)</i></span>
  Z<font color=""#ff0000"">u</font>cker in den Tee geben — положить сахар в чай
</li>
  <li>
  давать, производить
  Kühe geben Milch. — Коровы дают молоко.
</li>
</ul>
</li>
  <li>
  sich  geben
  <ul>
  <li>
  держаться, вести себя
  sich fr<font color=""#ff0000"">e</font><font color=""#ff0000"">u</font>ndlich geben — вести себя дружелюбно
</li>
  <li>
  отпуcкать, прекращаться  <span color=""grey""><i>(напр о боли)</i></span>
</li>
  <li>
  редко — selten иметь место, обнаружиться, случиться
  <font color=""#ff0000"">E</font><font color=""#ff0000"">i</font>ne Gel<font color=""#ff0000"">e</font>genheit hat sich geg<font color=""#ff0000"">e</font>ben. — Предоставилась одна возможность.
</li>
</ul>
</li>
  <li>
  unpersönliches Verb, Verbum impersonales — безличный глагол :
  es gibt — есть, имеется
Es gibt viel zu s<font color=""#ff0000"">e</font>hen in d<font color=""#ff0000"">i</font><font color=""#ff0000"">e</font>ser Stadt. — В этом городе много достопримечательностей.
Was gibt’s? — В чём дело?
Was gibt es h<font color=""#ff0000"">e</font><font color=""#ff0000"">u</font>te zum <font color=""#ff0000"">A</font>bendessen? — Что сегодня на ужин?
Es gibt h<font color=""#ff0000"">e</font><font color=""#ff0000"">u</font>te ein Gew<font color=""#ff0000"">i</font>tter. — Сегодня будет гроза.
Das gibt’s doch nicht! — Этого ещё не хватало!
</li>
</ul>
<b>geben</b>
(verbum transitivum) переходный глагол
<ul>
  <li>
  давать
</li>
  <li>
  передавать, изображать
  die Skizze gibt das Mädchen in Seitenansicht — эскиз изображает девушку сбоку / в профиль
</li>
</ul>
<b>geben</b>
<ul>
  <li>
  давать
</li>
  <li>
   передавать; работать ключом
</li>
</ul>"
laufen,бежать,,aber wir essen und <strong>laufen</strong> zusammen.,"<b>l<font color=""#ff0000"">a</font><font color=""#ff0000"">u</font>fen*</b>
intransitives Verb — непереходный глагол
<ul>
  <li>
  ( спрягается со вспомогательным глаголом sein )  бежать, бегать;  разговорное слово, выражение — umgangssprachlich ходить пешком; наткнуться  <span color=""grey""><i>(на какое-л препятствие)</i></span>
  aus der Küche l<font color=""#ff0000"">a</font><font color=""#ff0000"">u</font>fen — выбежать из кухни
zum <font color=""#ff0000"">A</font><font color=""#ff0000"">u</font>to l<font color=""#ff0000"">a</font><font color=""#ff0000"">u</font>fen — сбегать к машине
Von m<font color=""#ff0000"">e</font><font color=""#ff0000"">i</font>nem Haus aus ist es <font color=""#ff0000"">e</font><font color=""#ff0000"">i</font>ne St<font color=""#ff0000"">u</font>nde zu l<font color=""#ff0000"">a</font><font color=""#ff0000"">u</font>fen. — Это [находится] в часе ходьбы от моего дома.
Ältere M<font color=""#ff0000"">e</font>nschen l<font color=""#ff0000"">a</font><font color=""#ff0000"">u</font>fen oft g<font color=""#ff0000"">e</font>gen d<font color=""#ff0000"">i</font><font color=""#ff0000"">e</font>se Bank. — Пожилые люди часто натыкаются на эту скамейку.
</li>
  <li>
  ( спрягается со вспомогательным глаголом sein )  пробегать  <span color=""grey""><i>(определённое расстояние)</i></span>
</li>
  <li>
  sich <font color=""#ff0000"">a</font><font color=""#ff0000"">u</font>ßer <font color=""#ff0000"">A</font>tem l<font color=""#ff0000"">a</font><font color=""#ff0000"">u</font>fen — задыхаться от бега
sich <font color=""#ff0000"">e</font><font color=""#ff0000"">i</font>ne Bl<font color=""#ff0000"">a</font>se l<font color=""#ff0000"">a</font><font color=""#ff0000"">u</font>fen — натереть мозоль  <i>(во время ходьбы, бега)</i>
Im L<font color=""#ff0000"">a</font><font color=""#ff0000"">u</font>fpark läuft es sich gut. — В парке для пробежек хорошо [удобно] бегать.
</li>
  <li>
  ( спрягается со вспомогательным глаголом sein )  разговорное слово, выражение — umgangssprachlich неодобрительно — abwertend постоянно ходить [отправляться] куда-л  <span color=""grey""><i>(по привычке)</i></span> w <font color=""#ff0000"">e</font> gen j <font color=""#ff0000"">e</font> der Kl <font color=""#ff0000"">e</font> <font color=""#ff0000"">i</font> nigkeit zum  <font color=""#ff0000"">A</font> rzt
  l<font color=""#ff0000"">a</font><font color=""#ff0000"">u</font>fen — постоянно бегать к врачу из-за каждой мелочи
</li>
  <li>
  ( спрягается со вспомогательным глаголом sein или haben )  физкультура и спорт — Sport бегать, пробегать  <span color=""grey""><i>(определённое расстояние)</i></span>
  für D<font color=""#ff0000"">e</font><font color=""#ff0000"">u</font>tschland l<font color=""#ff0000"">a</font><font color=""#ff0000"">u</font>fen — представлять Германию на соревновании по бегу
n<font color=""#ff0000"">e</font><font color=""#ff0000"">u</font>e B<font color=""#ff0000"">e</font>stzeit l<font color=""#ff0000"">a</font><font color=""#ff0000"">u</font>fen — показать лучшее время забега
300 m l<font color=""#ff0000"">a</font><font color=""#ff0000"">u</font>fen — пробежать 300 метров
H<font color=""#ff0000"">e</font><font color=""#ff0000"">u</font>te ist der Österreicher Sk<font color=""#ff0000"">i</font>läufer <font color=""#ff0000"">e</font><font color=""#ff0000"">i</font>nwandfrei gel<font color=""#ff0000"">a</font><font color=""#ff0000"">u</font>fen. — Сегодня австрийский лыжник пробежал [выступил] безупречно.
</li>
  <li>
  ( спрягается со вспомогательным глаголом sein или haben )  бегать  <span color=""grey""><i>(на коньках)</i></span> , ходить  <span color=""grey""><i>(на лыжах)</i></span> , кататься  <span color=""grey""><i>(на роликах)</i></span>
</li>
  <li>
  ( спрягается со вспомогательным глаголом sein )  вращаться, вертеться, работать; двигаться
  Der Lüfter läuft mit v<font color=""#ff0000"">o</font>ller Dr<font color=""#ff0000"">e</font>hzahl. — Вентилятор работает [вращается] на полных оборотах.
S<font color=""#ff0000"">e</font><font color=""#ff0000"">i</font>ne F<font color=""#ff0000"">i</font>nger l<font color=""#ff0000"">i</font><font color=""#ff0000"">e</font>fen ged<font color=""#ff0000"">a</font>nkenlos über die R<font color=""#ff0000"">e</font><font color=""#ff0000"">i</font>setasche. — Его пальцы рассеянно поглаживали дорожную сумку.
Ein l<font color=""#ff0000"">e</font><font color=""#ff0000"">i</font>ses Z<font color=""#ff0000"">i</font>ttern läuft d<font color=""#ff0000"">u</font>rch das Boot. переносно — übertragen— Едва заметная дрожь пробежала по лодке.
Ihr lief es <font color=""#ff0000"">e</font><font color=""#ff0000"">i</font>skalt den Rücken. переносно — übertragen— Мурашки пробежали по её спине.
</li>
  <li>
  ( спрягается со вспомогательным глаголом sein )  специальный термин — Fachwort, Fachausdruck двигаться, перемещаться
  Der Bus läuft ab M<font color=""#ff0000"">o</font>ntag täglich. — С понедельника автобус будет ходить ежедневно.
Das Schiff läuft auf ein Riff. — Судно плывет на риф.
</li>
  <li>
  ( спрягается со вспомогательным глаголом sein )  течь, бежать  <span color=""grey""><i>(о жидкости)</i></span>
  Der R<font color=""#ff0000"">e</font>gen läuft über die F<font color=""#ff0000"">e</font>nsterscheibe. — Дождь бежит по оконному стеклу.
Der Käse läuft aufs Blech. разговорное слово, выражение — umgangssprachlich— Сыр вытекает на противень.
Bei kälteren Temperat<font color=""#ff0000"">u</font>ren beg<font color=""#ff0000"">i</font>nnt die N<font color=""#ff0000"">a</font>se zu l<font color=""#ff0000"">a</font><font color=""#ff0000"">u</font>fen. — С понижением температуры начинает течь нос [появляется насморк].
</li>
  <li>
  ( спрягается со вспомогательным глаголом sein )  тянуться, проходить
  Der Pfad läuft durch den Wald. — Тропинка тянется через лес.
</li>
  <li>
  ( спрягается со вспомогательным глаголом sein )  идти, происходить
  wie geplant l<font color=""#ff0000"">a</font><font color=""#ff0000"">u</font>fen — идти по плану [как запланировано]
Wie läufts mit dem L<font color=""#ff0000"">e</font>rnen? — Как (обстоят) дела с учёбой?
Der Film läuft ber<font color=""#ff0000"">e</font><font color=""#ff0000"">i</font>ts. — Фильм уже идет [начался].
</li>
  <li>
  ( спрягается со вспомогательным глаголом sein )  быть оформленным [зарегистрированным]
  Der Vertr<font color=""#ff0000"">a</font>g läuft auf s<font color=""#ff0000"">e</font><font color=""#ff0000"">i</font>nen N<font color=""#ff0000"">a</font>men. — Договор заключён [оформлен] на его имя.
</li>
  <li>
  ( спрягается со вспомогательным глаголом sein )  идти, транслироваться  <span color=""grey""><i>(по программе)</i></span>
  Lok<font color=""#ff0000"">a</font>le N<font color=""#ff0000"">a</font>chrichten l<font color=""#ff0000"">a</font><font color=""#ff0000"">u</font>fen stündlich. — Местные новости показывают [передают] ежечасно [каждый час].
</li>
  <li>
  ( спрягается со вспомогательным глаголом sein )  разговорное слово, выражение — umgangssprachlich идти, развиваться
  Das Geschäft läuft wie geschm<font color=""#ff0000"">i</font><font color=""#ff0000"">e</font>rt. — Бизнес идет как по маслу.
</li>
  <li>
  ( спрягается со вспомогательным глаголом sein )  быть действительным  <span color=""grey""><i>(в течение определённого срока)</i></span> , иметь силу
  D<font color=""#ff0000"">i</font><font color=""#ff0000"">e</font>se Besch<font color=""#ff0000"">e</font><font color=""#ff0000"">i</font>nigung läuft bis zum 15. 07. — Эта справка действительна до 15 июля.
j-n l<font color=""#ff0000"">a</font><font color=""#ff0000"">u</font>fen l<font color=""#ff0000"">a</font>ssenсильный глаголразговорное слово, выражение — umgangssprachlich— отпускать кого-л
</li>
</ul>
<b>laufen</b>
<ul>
  <li>
  вращаться; двигаться; работать  <span color=""grey"">( <i>напр. о двигателе</i> )</span>
</li>
  <li>
  течь; протекать  <span color=""grey"">( <i>о жидкости</i> )</span>
</li>
  <li>
  идти  <span color=""grey"">( <i>о судне</i> )</span>
</li>
</ul>
<b>laufen</b>
<ul>
  <li>
  вращаться; работать  <span color=""grey"">( <i>о двигателе</i> )</span>
</li>
  <li>
  течь  <span color=""grey"">( <i>о жидкости</i> )</span>
  
</li>
</ul>
<b>Laufen</b>

<ul>
  <li>
  вращение; движение  <span color=""grey"">( <i>напр. двигателя</i> )</span>
</li>
  <li>
  течение, протекание  <span color=""grey"">( <i>жидкости</i> )</span>
</li>
</ul>"
viele,лоты,,Er hat sehr <strong>viele</strong> Haare.,"<b>viel</b>

( Komparativ — сравнительная степень mehr,  Superlativ — превосходная степень meist)
<ul>
  <li>
  <ul>
  <li>
  употребляется — wird … gebraucht <i>в неизменяемой форме </i> много
  viel Brot <font color=""#ff0000"">e</font>ssen — есть много хлеба
viele Fr<font color=""#ff0000"">a</font>gen st<font color=""#ff0000"">e</font>llen — задвать много вопросов
viel <font color=""#ff0000"">A</font>rbeit h<font color=""#ff0000"">a</font>ben — иметь много работы
viel G<font color=""#ff0000"">u</font>tes über j-n s<font color=""#ff0000"">a</font>gen — сказать о ком-л много хорошего
</li>
  <li>
  употребляется — wird … gebraucht <i>в изменяемой форме </i> много; многие; многое
  viele Bücher — много книг
in vielen Fällen — во многих случаях
viele s<font color=""#ff0000"">a</font>gen, dass... — многие говорят, что...
vielen Dank! — большое спасибо!
In vielem hat er recht. — Во многом он прав.
</li>
</ul>
</li>
  <li>
  Adverb — наречие
  <ul>
  <li>
  много
  viel <font color=""#ff0000"">a</font>rbeiten — много работать
</li>
  <li>
  намного, гораздо
  viel interess<font color=""#ff0000"">a</font>nter — намного интереснее
viel b<font color=""#ff0000"">e</font>sser — гораздо лучше
</li>
  <li>
  слишком
  viel zu viel — слишком много
</li>
</ul>
</li>
</ul>"
Warum,Почему,,<strong>Warum</strong> lebe ich in einer Villa mit einem großen <strong>Hund</strong>?,"<b>war<font color=""#ff0000"">u</font>m</b>

<i>(в вопросительных предложениях w</i> <i>a</i> <i>rum) </i> Adverb — наречие почему, отчего; по какой причине
war<font color=""#ff0000"">u</font>m (denn) nicht? — Почему бы и нет?
war<font color=""#ff0000"">u</font>m fragst du? — Почему ты спрашиваешь?
Ich verst<font color=""#ff0000"">e</font>he nicht, war<font color=""#ff0000"">u</font>m er das tat. — Я не понимаю, почему он сделал это.
war<font color=""#ff0000"">u</font>m nicht gar! — Вот ещё! / Как бы не так!
war<font color=""#ff0000"">u</font>m ist die Ban<font color=""#ff0000"">a</font>ne krumm? разговорное слово, выражение — umgangssprachlich— потому что кончается на «у»"
Hund,собака,,<strong>Warum</strong> lebe ich in einer Villa mit einem großen <strong>Hund</strong>?,"<b>Hund</b>

Maskulinum — (существительное) мужского рода <-(e)s, -e>
<ul>
  <li>
  собака, пёс
  ein h<font color=""#ff0000"">e</font>rrenloser Hund — бездомная собака
ein k<font color=""#ff0000"">u</font>rzhaariger / l<font color=""#ff0000"">a</font>nghaariger Hund — собака с короткой / с длинной шерстью
den Hund <font color=""#ff0000"">a</font><font color=""#ff0000"">u</font>sführen — выгуливать собаку
Der Hund w<font color=""#ff0000"">e</font>delt mit dem Schwanz. — Собака виляет хвостом.
</li>
  <li>
  самец собаки, кобель  <span color=""grey""><i>(в отличие от суки)</i></span>
</li>
  <li>
  фамильярное слово, выражение — salopp-umgangssprachlich пёс  <span color=""grey""><i>(о человеке, вызывающем презрение и т. п.)</i></span>
</li>
  <li>
  фамильярное слово, выражение — salopp-umgangssprachlich неодобрительно — abwertend собака  <span color=""grey""><i>(о подлом человеке)</i></span> , негодяй
  du Hund! бранное слово, выражение — Schimpfwort, Schelte— собака!, подлец!
</li>
  <li>
  горное дело — Bergbau рудничная [шахтная] вагонетка  <span color=""grey""><i>(ручной откатки)</i></span>
  ein d<font color=""#ff0000"">i</font>cker Hund! разговорное слово, выражение — umgangssprachlich— 1) дерзость, наглость 2) грубая ошибка
fl<font color=""#ff0000"">i</font><font color=""#ff0000"">e</font>gender Hund зоология — Zoologieустаревающее слово, выражение — veraltend— калонг, летучая собака
der Gr<font color=""#ff0000"">o</font>ße / Kl<font color=""#ff0000"">e</font><font color=""#ff0000"">i</font>ne Hund астрономия — Astronomie— созвездие Большого / Малого Пса
wie ein Hund leben разговорное слово, выражение — umgangssprachlich— жить как собака  <i>(в нищете и т. п.)</i>
müde sein wie ein Hund разговорное слово, выражение — umgangssprachlich— устать как собака
fr<font color=""#ff0000"">i</font><font color=""#ff0000"">e</font>ren wie ein j<font color=""#ff0000"">u</font>nger Hund разговорное слово, выражение — umgangssprachlich— замёрзнуть как собака
wie Hund und K<font color=""#ff0000"">a</font>tze l<font color=""#ff0000"">e</font>ben разговорное слово, выражение — umgangssprachlich— жить как кошка с собакой
j-n wie <font color=""#ff0000"">e</font><font color=""#ff0000"">i</font>nen Hund beh<font color=""#ff0000"">a</font>ndeln разговорное слово, выражение — umgangssprachlich— обращать с кем-л как с собакой
auf den Hund k<font color=""#ff0000"">o</font>mmenсильный глагол(спрягается со вспомогательным глаголом sein) разговорное слово, выражение — umgangssprachlich— 1) обеднеть, прийти в упадок 2) (морально) опуститься
j-n auf den Hund br<font color=""#ff0000"">i</font>ngenсильный глаголразговорное слово, выражение — umgangssprachlich— 1) уничтожить [погубить] кого-л 2) разорить кого-л
(ganz) auf dem Hund sein разговорное слово, выражение — umgangssprachlich— 1) обеднеть; жить в полной нищете 2) (морально) опуститься
vor die Hunde g<font color=""#ff0000"">e</font>henсильный глагол(спрягается со вспомогательным глаголом sein) разговорное слово, выражение — umgangssprachlich— 1) пропасть, погибнуть 2) разориться
etw. <i>(</i>Akkusativ — винительный падеж<i>) </i>vor die Hunde w<font color=""#ff0000"">e</font>rfenсильный глаголразговорное слово, выражение — umgangssprachlich— растратить (без пользы)
da liegt der Hund begr<font color=""#ff0000"">a</font>ben разговорное слово, выражение — umgangssprachlich— вот где собака зарыта
Hunde, die (viel) b<font color=""#ff0000"">e</font>llen, b<font color=""#ff0000"">e</font><font color=""#ff0000"">i</font>ßen nicht пословица — Sprichwort— кто лает, тот не кусает
Er ist bek<font color=""#ff0000"">a</font>nnt wie ein b<font color=""#ff0000"">u</font>nter [sch<font color=""#ff0000"">e</font>ckiger] Hund. разговорное слово, выражение — umgangssprachlich— ≈ Его каждая собака знает.
Das ist <font color=""#ff0000"">u</font>nter dem [<font color=""#ff0000"">a</font>llem] Hund. разговорное слово, выражение — umgangssprachlich— Это ниже всякой критики.
</li>
</ul>
<b>Hund</b>
(Maskulinum) мужской род
собака
<b>Hund</b>

<ul>
  <li>
  шахтная вагонетка  <span color=""grey"">( <i>малой ёмкости</i> )</span>
</li>
  <li>
  баба  <span color=""grey"">( <i>копра</i> )</span>
</li>
  <li>
   вводная проводка, пропуск
</li>
</ul>"
ersuchen,запрос,,"Ich werde v<strong>ersu</strong>-<strong>chen</strong>, es zu <strong>erklären</strong>.","<b>ers<font color=""#ff0000"">u</font>chen</b>
intransitives Verb — непереходный глагол <i>(um </i> Akkusativ — винительный падеж )  обращаться с просьбой  <span color=""grey""><i>(к кому-л о чём-л)</i></span>
um <font color=""#ff0000"">e</font><font color=""#ff0000"">i</font>ne Gefälligkeit ers<font color=""#ff0000"">u</font>chen — просить об одолжении
<b>Ers<font color=""#ff0000"">u</font>chen</b>

Neutrum — (существительное) среднего рода <-s, ->  просьба
ein Ers<font color=""#ff0000"">u</font>chen an j-n r<font color=""#ff0000"">i</font>chten [st<font color=""#ff0000"">e</font>llen] — обратиться к кому-л с просьбой"
erklären,объяснять,,"Ich werde v<strong>ersu</strong>-<strong>chen</strong>, es zu <strong>erklären</strong>.","<b>erklären</b>

<ul>
  <li>
  transitives Verb — переходный глагол
  <ul>
  <li>
  объяснять, разъяснять
  etw. <i>(</i>Akkusativ — винительный падеж<i>) </i>an <font color=""#ff0000"">e</font><font color=""#ff0000"">i</font>nem B<font color=""#ff0000"">e</font><font color=""#ff0000"">i</font>spiel erklären — объяснить что-л на примере
etw. <i>(</i>Akkusativ — винительный падеж<i>) </i>näher erklären — объяснить что-л подробнее
Sie erklärte mir, war<font color=""#ff0000"">u</font>m sie nicht k<font color=""#ff0000"">o</font>mmen könne. — Она объяснила мне, почему не может прийти.
Ich kann es mir nicht erklären. — Я не могу этого объяснить.
</li>
  <li>
  заявлять  <span color=""grey""><i>(на собрании и т. п.)</i></span>
</li>
  <li>
  объявлять
  den Krieg erklären — объявить войну
seine <font color=""#ff0000"">U</font>nabhängigkeit erklären — провозгласить свою независимость  <i>(о государстве)</i>
sich bankr<font color=""#ff0000"">o</font>tt erklären — объявить себя банкротом
</li>
  <li>
  <i>(für </i> Akkusativ — винительный падеж )  признавать  <span color=""grey""><i>(чем-л, каким-л)</i></span>
  etw. <i>(</i>Akkusativ — винительный падеж<i>) </i>für <font color=""#ff0000"">u</font>ngültig erklären — признать что-л недействительным
</li>
  <li>
  <i>(zu </i> Dativ — дательный падеж )  провозглашать, назначать  <span color=""grey""><i>(кем-л)</i></span>
</li>
</ul>
</li>
  <li>
  sich  erklären
  <ul>
  <li>
  <i>(aus </i> Dativ — дательный падеж )  объясняться  <span color=""grey""><i>(чем-л)</i></span>
  das erklärt sich aus der T<font color=""#ff0000"">a</font>tsache, dass... — это объясняется тем фактом, что…
</li>
  <li>
  высказываться
  sich für / g<font color=""#ff0000"">e</font>gen j-n / etw. <i>(</i>Akkusativ — винительный падеж<i>) </i>erklären — высказываться за / против кого-л / чего-л
</li>
  <li>
  Er hat sich ihr erklärt. — Он объяснился ей в любви.
</li>
</ul>
</li>
</ul>"
Vor,Спереди,,<strong>Vor</strong> zwei <strong>Wochen</strong> bin ich in Köln am Haupt-bahnhof <strong>angekommen</strong>.,"<b>vor</b>

<ul>
  <li>
  Präposition — предлог
  <ul>
  <li>
  <i>обозначает направление, отвечает на вопрос «куда»?, </i> употребляется — wird … gebraucht <i>с </i> Akkusativ — винительный падеж перед, за
  den Stuhl vor das F<font color=""#ff0000"">e</font>nster st<font color=""#ff0000"">e</font>llen — поставить стул перед окном
vor die Tür g<font color=""#ff0000"">e</font>henсильный глагол(спрягается со вспомогательным глаголом sein) — выйти за дверь
</li>
  <li>
  <i>указывает на место, отвечает на вопрос «где»?, </i> употребляется — wird … gebraucht <i>с </i> Dativ — дательный падеж перед, до
  vor dem Dorf <font color=""#ff0000"">a</font>nhaltenсильный глагол— остановиться перед деревней
vor dem Sp<font color=""#ff0000"">i</font><font color=""#ff0000"">e</font>gel st<font color=""#ff0000"">e</font>henсильный глагол— стоять перед зеркалом
</li>
  <li>
  <i>указывает на время, </i> употребляется — wird … gebraucht <i>с </i> Dativ — дательный падеж до, перед, … тому назад
  fünf vor acht — без пяти восемь
</li>
  <li>
  <i>указывает на причину, </i> употребляется — wird … gebraucht <i>с </i> от
  vor Fr<font color=""#ff0000"">e</font><font color=""#ff0000"">u</font>de w<font color=""#ff0000"">e</font><font color=""#ff0000"">i</font>nen — плакать от радости
</li>
  <li>
  vor <font color=""#ff0000"">a</font>llem — прежде всего
</li>
</ul>
</li>
  <li>
  Adverb — наречие
  <ul>
  <li>
  vor! — вперёд!
</li>
  <li>
  nach wie vor  по-прежнему
</li>
</ul>
</li>
</ul>"
Wochen,Недели,,<strong>Vor</strong> zwei <strong>Wochen</strong> bin ich in Köln am Haupt-bahnhof <strong>angekommen</strong>.,"<b>W<font color=""#ff0000"">o</font>che</b>

Femininum — (существительное) женского рода <-, -n>
<ul>
  <li>
  неделя
  <font color=""#ff0000"">u</font>nter der W<font color=""#ff0000"">o</font>che — на неделе; по будням, в будние дни
W<font color=""#ff0000"">o</font>che um W<font color=""#ff0000"">o</font>che — неделя за неделей
über W<font color=""#ff0000"">o</font>chen — (целыми) неделями, на протяжении многих недель
</li>
  <li>
  устаревшее слово, выражение — veraltet только — nur Plural — множественное число смотри — siehe 
</li>
</ul>"
angekommen,прибыли,,<strong>Vor</strong> zwei <strong>Wochen</strong> bin ich in Köln am Haupt-bahnhof <strong>angekommen</strong>.,"<b><font color=""#ff0000"">a</font>ngekommen</b>
Partizip II — причастие II <i>от </i> "
wissen,знания,,Ich <strong>wusst</strong>e nichts über Köln.,"<b>w<font color=""#ff0000"">i</font>ssen*</b>

transitives Verb — переходный глагол
<ul>
  <li>
  <i>(von </i> Dativ — дательный падеж ,  <i>um </i> Akkusativ — винительный падеж )  знать  <span color=""grey""><i>(что-л о ком-л, о чём-л)</i></span>
  weißt du noch? — помнишь ли ты ещё об этом?
wer weiß!, man kann nie w<font color=""#ff0000"">i</font>ssen! — как знать!
nicht, dass ich wüsste разговорное слово, выражение — umgangssprachlich— понятия не имею
j-n etw. w<font color=""#ff0000"">i</font>ssen l<font color=""#ff0000"">a</font>ssenсильный глагол— сообщить, дать знать кому-л о чём-л; уведомить кого-л о чём-л
ich weiß ihn in S<font color=""#ff0000"">i</font>cherheit высокий стиль — gehoben— я знаю, что он в безопасности
er weiß sich k<font color=""#ff0000"">e</font><font color=""#ff0000"">i</font>nen Rat — он не знает, что ему делать
ich weiß, was ich weiß — меня не переубедишь
ich wüsste nicht, was ich l<font color=""#ff0000"">i</font><font color=""#ff0000"">e</font>ber täte разговорное слово, выражение — umgangssprachlichиронически — ironisch— я сделаю это с удовольствием!
von j-m, von etw. <i>(</i>Dativ — дательный падеж<i>) </i>nichts mehr w<font color=""#ff0000"">i</font>ssen w<font color=""#ff0000"">o</font>llenсильный глаголразговорное слово, выражение — umgangssprachlich— слышать (больше) не хотеть о ком-л, о чём-л
was weiß ich! разговорное слово, выражение — umgangssprachlich— а я почём знаю?, а мне откуда знать?
nicht aus noch ein w<font color=""#ff0000"">i</font>ssen — не знать, как быть [что делать, как поступить]
</li>
  <li>
  Besch<font color=""#ff0000"">e</font><font color=""#ff0000"">i</font>d w<font color=""#ff0000"">i</font>ssen — знать что-л, быть в курсе чего-л; знать толк в чём-л
j-m Dank w<font color=""#ff0000"">i</font>ssen — быть благодарным кому-л
</li>
  <li>
  <i>(zu + </i> Infinitiv — инфинитив, неопределенная форма глагола )  уметь  <span color=""grey""><i>(что-л делать)</i></span>
  sich zu beh<font color=""#ff0000"">e</font>rrschen w<font color=""#ff0000"">i</font>ssen — уметь владеть собой
ich w<font color=""#ff0000"">e</font>rde ihn schon zu f<font color=""#ff0000"">i</font>nden w<font color=""#ff0000"">i</font>ssen — я сумею его найти
was ich nicht weiß, macht mich nicht heiß w<font color=""#ff0000"">i</font>ssen — <i>погов.</i>, о чём я не знаю, по том не страдаю [о том не беспокоюсь]
</li>
</ul>
<b>Wissen</b>
знание; знания; познание
<b>Wissen</b>
средний род
знание; познание"
mochte,хотел бы,,Aber ich <strong>mochte</strong> den Namen: Köln.,"<b>m<font color=""#ff0000"">o</font>chte</b>
Präteritum — претерит (прошедшее время) <i>от </i> 
<b>mögen*</b>
( Präteritum — претерит (прошедшее время) m <font color=""#ff0000"">o</font> chte,  Partizip II — причастие II gem <font color=""#ff0000"">o</font> cht)  Modalverb — модальный глагол
<ul>
  <li>
  <i>выражает неуверенное предположение:</i>
  es mag sein — может быть
Sie mögen recht haben. — Возможно [пожалуй], Вы правы.
</li>
  <li>
  <i>в </i> Präteritum — претерит (прошедшее время) Konjunktiv — конъюнктив, сослагательное наклонение <i>выражает вежливую просьбу, желание:</i>
  ich möchte s<font color=""#ff0000"">a</font>gen — я бы хотел сказать
</li>
  <li>
  пусть  <span color=""grey""><i>(с уступительным значением и значением пожелания, косвенного приказания, иногда угрозы)</i></span>
  Sie möchten b<font color=""#ff0000"">i</font>tte m<font color=""#ff0000"">o</font>rgen mich <font color=""#ff0000"">a</font>nrufen. — Позвоните мне завтра, пожалуйста.
Möge <font color=""#ff0000"">e</font><font color=""#ff0000"">u</font>re Prüfung erf<font color=""#ff0000"">o</font>lgreich verl<font color=""#ff0000"">a</font><font color=""#ff0000"">u</font>fen! — Пусть ваш экзамен пройдёт успешно!
M<font color=""#ff0000"">ö</font>ge er dir h<font color=""#ff0000"">e</font>lfen. — Пусть он тебе поможет.
</li>
  <li>
  любить, чувствовать расположение  <span color=""grey""><i>(к кому-л, к чему-л)</i></span> ; хотеть  <span color=""grey""><i>(что-л)</i></span>
  das <font color=""#ff0000"">E</font>ssen nicht mögen — не любить блюдо
Ich mag sie nicht. — Она мне не нравится.
M<font color=""#ff0000"">a</font>gst du noch Tee? — Хочешь ещё чаю?
</li>
</ul>"
richtig,верный,,Aber ich bin in Deutschland und ich will es <strong>richtig</strong> aussprechen.,"<b>r<font color=""#ff0000"">i</font>chtig</b>

<ul>
  <li>
  Adjektiv — прилагательное
  <ul>
  <li>
  правильный, верный
  <font color=""#ff0000"">e</font><font color=""#ff0000"">i</font>ne r<font color=""#ff0000"">i</font>chtige <font color=""#ff0000"">A</font>nwort — правильный ответ
zur r<font color=""#ff0000"">i</font>chtigen Zeit — в нужное время
Das ist r<font color=""#ff0000"">i</font>chtig! — Это верно!/ Это правильно!
M<font color=""#ff0000"">e</font><font color=""#ff0000"">i</font>ne Entsch<font color=""#ff0000"">e</font><font color=""#ff0000"">i</font>dung war r<font color=""#ff0000"">i</font>chtig. — Моё решение было правильным.
</li>
  <li>
  настоящий
  Du bist ein r<font color=""#ff0000"">i</font>chtiger Idi<font color=""#ff0000"">o</font>t! — Ты настоящий идиот!
</li>
  <li>
  истинный, подлинный (в полном смысле слова), соответствующий, настоящий
  Ich bin <font color=""#ff0000"">e</font><font color=""#ff0000"">i</font>ne r<font color=""#ff0000"">i</font>chtige Par<font color=""#ff0000"">i</font>serin. — Я настоящая парижанка.
</li>
</ul>
</li>
  <li>
  Adverb — наречие
  <ul>
  <li>
  правильно, верно
  <font color=""#ff0000"">e</font><font color=""#ff0000"">i</font>ne S<font color=""#ff0000"">a</font>che r<font color=""#ff0000"">i</font>chtig <font color=""#ff0000"">a</font>npacken — правильно взяться за дело
Ganz r<font color=""#ff0000"">i</font>chtig! — Совершенно верно!
Die Uhr geht r<font color=""#ff0000"">i</font>chtig. — Часы идут правильно.
</li>
  <li>
  разговорное слово, выражение — umgangssprachlich действительно, в самом деле, очень, по-настоящему
  Ich bin r<font color=""#ff0000"">i</font>chtig wütend. — Я очень сердит.
Es ist r<font color=""#ff0000"">i</font>chtig heiß gew<font color=""#ff0000"">o</font>rden. — Стало действительно жарко.
zw<font color=""#ff0000"">i</font>schen <font color=""#ff0000"">i</font>hnen ist <font color=""#ff0000"">e</font>twas nicht r<font color=""#ff0000"">i</font>chtig — у них какие-то нелады между собой
hier ist’s nicht r<font color=""#ff0000"">i</font>chtig — тут что-то неладно
er ist nicht ganz r<font color=""#ff0000"">i</font>chtig im Kopf — он с головой не дружит
</li>
</ul>
</li>
</ul>"
leicht,свет,,Die Aussprache ist nicht so <strong>leicht</strong>.,"<b>leicht</b>

<ul>
  <li>
  Adjektiv — прилагательное
  <ul>
  <li>
  лёгкий, нетяжёлый
  leicht wie <font color=""#ff0000"">e</font><font color=""#ff0000"">i</font>ne F<font color=""#ff0000"">e</font>der sein — быть лёгким как пёрышко
leichter Schal переносно — übertragen— лёгкий шарф  <i>(из тонкого материала)</i>
leichte W<font color=""#ff0000"">a</font>ffen переносно — übertragen— лёгкое  <i>(мелкокалиберное) </i> вооружение
ein leichtes Haus — лёгкая  <i>(не массивная) </i> постройка
Sie ist 50 K<font color=""#ff0000"">i</font>lo leicht. разговорное слово, выражение — umgangssprachlich— Она весит 50 килограмм.
</li>
  <li>
  лёгкий, грациозный, изящный, подвижный, ловкий  <span color=""grey""><i>(о движениях)</i></span>
</li>
  <li>
  лёгкий, нетрудный, простой, несложный
</li>
  <li>
  лёгкий, небольшой
  ein leichter Akz<font color=""#ff0000"">e</font>nt — едва заметный акцент
ein leichter Zw<font color=""#ff0000"">e</font><font color=""#ff0000"">i</font>fel — некоторое сомнение
</li>
  <li>
  лёгкий, полезный  <span color=""grey""><i>(о пище)</i></span> ; слабый, приятный  <span color=""grey""><i>(о запахе)</i></span>
</li>
  <li>
  лёгкий, весёлый, необременительный; развлекательный
  etw. <i>(</i>Akkusativ — винительный падеж<i>) </i>leicht n<font color=""#ff0000"">e</font>hmenсильный глагол— относиться к чему-л несерьёзно [легкомысленно]
nimms leicht! — будь проще! / не парься!
nichts (ist) leichter als das — проще простого [пареной репы]
das ist leicht ges<font color=""#ff0000"">a</font>gt (<font color=""#ff0000"">a</font>ber schwer get<font color=""#ff0000"">a</font>n) / das ist leichter ges<font color=""#ff0000"">a</font>gt als get<font color=""#ff0000"">a</font>n — проще сказать, чем сделать
j-n um etw. <i>(</i>Akkusativ — винительный падеж<i>) </i>leichter m<font color=""#ff0000"">a</font>chen разговорное слово, выражение — umgangssprachlich— облегчить кого-л на какую-то сумму  <i>(украсть у кого-то сколько-то ценностей)</i>
j-m leicht f<font color=""#ff0000"">a</font>llenсильный глагол(спрягается со вспомогательным глаголом sein) — легко даваться кому-л
sich <i>(</i>Dativ — дательный падеж<i>) </i>etw. <i>(</i>Akkusativ — винительный падеж<i>) </i>leicht m<font color=""#ff0000"">a</font>chen — облегчать себе что-л, не утруждать себя чем-л
sich <i>(</i>Akkusativ — винительный падеж<i>, </i>Dativ — дательный падеж<i>) </i>leicht tunсильный глаголразговорное слово, выражение — umgangssprachlich— (ни в коем случае) не усложнять
Er hat sich nicht leicht get<font color=""#ff0000"">a</font>n mit d<font color=""#ff0000"">i</font><font color=""#ff0000"">e</font>sem Buch. — При написании этой книги он не искал лёгких путей.
</li>
</ul>
</li>
  <li>
  Adverb — наречие
  <ul>
  <li>
  легко
  leicht geschürzt шутливо — scherzhaft— легко одетый
</li>
  <li>
  легко, быстро, без усилий
  leicht löslich — быстрорастворимый
</li>
  <li>
  легко, играючи, шутя
</li>
  <li>
  слегка, немного
  Es hat leicht ger<font color=""#ff0000"">e</font>gnet. — Слегка накрапывает (дождь).
</li>
  <li>
  диалектное слово — dialektal; в территориально ограниченном употреблении —landschaftlich, regional возможно, может быть  <span color=""grey""><i>(в Баварии, Австрии)</i></span>
</li>
</ul>
</li>
</ul>
<b>leicht</b>
лёгкий
"
schön,прекрасный,,"Köln klingt wie das ö in <strong>schön</strong>, nur kürzer: Köln.","<b>schön</b>

<ul>
  <li>
  Adjektiv — прилагательное
  <ul>
  <li>
  красивый, прекрасный
  ein schöns Ges<font color=""#ff0000"">i</font>cht — красивое лицо
schöne F<font color=""#ff0000"">a</font>rbe — красивый цвет
</li>
  <li>
  хороший, прекрасный
  ein schönr <font color=""#ff0000"">U</font>rlaub — прекрасный
</li>
  <li>
  хороший, приличный  <span color=""grey""><i>(о сумме и т. п.)</i></span> отпуск
</li>
  <li>
  употребляется — wird … gebraucht <i>в формулах вежливости:</i>
  schön Grüße! — сердечный привет!
schönsten Dank! — большое спасибо!
</li>
  <li>
  die schöne Literat<font color=""#ff0000"">u</font>r — художественная литература
</li>
</ul>
</li>
  <li>
  Adverb — наречие
  <ul>
  <li>
  употребляется — wird … gebraucht <i>для выражения согласия </i> хорошо, прекрасно
</li>
  <li>
  употребляется — wird … gebraucht <i>в значении усиления:</i>
  b<font color=""#ff0000"">i</font>tte schön! — пожалуйста!
d<font color=""#ff0000"">a</font>nke schön! — большое спасибо!
ganz schön interess<font color=""#ff0000"">a</font>nt — очень интересный
</li>
</ul>
</li>
</ul>
<b>schön</b>
<ul>
  <li>
  красивый, прекрасный
  
</li>
  <li>
  хороший, прекрасный
  
</li>
</ul>
<b>schönen</b>

transitives Verb — переходный глагол специальный термин — Fachwort, Fachausdruck
<ul>
  <li>
  улучшать окраску  <span color=""grey""><i>(ткани и т. п.)</i></span>
</li>
  <li>
  осветлять
</li>
  <li>
  улучшать внешний вид [запах, вкус]
</li>
</ul>
<b>schönen</b>
<ul>
  <li>
  придавать блеск; подцвечивать; оживлять
</li>
  <li>
  очищать, рафинировать, осветлять
</li>
</ul>"
neben,следующий,,Im Bus habe ich <strong>neben</strong> einer alten Dame <strong>geses-</strong>sen.,"<b>n<font color=""#ff0000"">e</font>ben</b>

Präposition — предлог
<ul>
  <li>
  ( Akkusativ — винительный падеж <i>на вопрос «куда?», </i> Dativ — дательный падеж <i>на вопрос «где?») </i> около, рядом с
  sich n<font color=""#ff0000"">e</font>ben j-n s<font color=""#ff0000"">e</font>tzen — садиться рядом с кем-л
n<font color=""#ff0000"">e</font>ben j-m sitzenсильный глагол(спрягается со вспомогательным глаголом sein или haben) — сидеть рядом с кем-л
Er st<font color=""#ff0000"">e</font>llte das S<font color=""#ff0000"">o</font>fa n<font color=""#ff0000"">e</font>ben die Wand. — Он поставил диван около стены.
</li>
  <li>
  ( Dativ — дательный падеж )  наряду с, кроме
  n<font color=""#ff0000"">e</font>ben <font color=""#ff0000"">a</font>nderen D<font color=""#ff0000"">i</font>ngen — наряду с другими вещами, кроме других вещей
n<font color=""#ff0000"">e</font>ben dem Haus hat er noch drei W<font color=""#ff0000"">o</font>hnungen. — Кроме дома у него ещё есть три квартиры.
</li>
  <li>
  ( Dativ — дательный падеж )  рядом с, по сравнению с
  n<font color=""#ff0000"">e</font>ben j-m in etw. <i>(</i>Dativ — дательный падеж<i>) </i>best<font color=""#ff0000"">e</font>henсильный глагол— не уступать кому-л в чём-л
sich n<font color=""#ff0000"">e</font>ben j-m nicht beh<font color=""#ff0000"">a</font><font color=""#ff0000"">u</font>pten — не выдерживать сравнения [конкуренции] с кем-л
</li>
</ul>"
gesessen,сидел,,Im Bus habe ich <strong>neben</strong> einer alten Dame <strong>gesessen</strong>.,"<b>ges<font color=""#ff0000"">e</font>ssen</b>
Partizip II — причастие II <i>от </i> 
<b>s<font color=""#ff0000"">i</font>tzen*</b>

intransitives Verb — непереходный глагол
<ul>
  <li>
  сидеть
  Wo möchten Sie s<font color=""#ff0000"">i</font>tzen? — Где бы вы хотели сидеть?
Bl<font color=""#ff0000"">e</font><font color=""#ff0000"">i</font>ben s<font color=""#ff0000"">i</font>tzen! — Не вставайте!  <i>(продолжайте сидеть)</i>
</li>
  <li>
  сидеть; работать
  im Parlam<font color=""#ff0000"">e</font>nt s<font color=""#ff0000"">i</font>tzen — работать в парламенте
</li>
  <li>
  сидеть, находиться
  Der Nagel sitzt zu n<font color=""#ff0000"">i</font><font color=""#ff0000"">e</font>drig. — Гвоздь сидит слишком низко.
</li>
  <li>
  разговорное слово, выражение — umgangssprachlich сидеть  <span color=""grey""><i>(в тюрьме)</i></span>
  Wesw<font color=""#ff0000"">e</font>gen sitzt er? — За что он сидит?
</li>
  <li>
  сидеть  <span color=""grey""><i>(об одежде)</i></span>
  Der M<font color=""#ff0000"">a</font>ntel sitzt gut. — Пальто хорошо сидит.
<font color=""#ff0000"">e</font><font color=""#ff0000"">i</font>nen s<font color=""#ff0000"">i</font>tzen h<font color=""#ff0000"">a</font>ben разговорное слово, выражение — umgangssprachlich— быть навеселе; быть (слегка) под мухой
</li>
</ul>
<b>sitzen</b>
(verbum intransitivum) непереходный глагол
сидеть
dem Maler sitzen, Modell sitzen — позировать  (<i>сидя</i>)
"
erzählte,сказал,,Sie <strong>erzählte</strong> mir von ihren Enkelkindern.,"<b>erzählen</b>
transitives Verb — переходный глагол рассказывать
<font color=""#ff0000"">e</font><font color=""#ff0000"">i</font>ne Gesch<font color=""#ff0000"">i</font>chte [ein Märchen] erzählen — рассказывать историю [сказку]
er hat mir erzählt, dass… — он рассказал мне, что…
ich h<font color=""#ff0000"">a</font>be mir erzählen l<font color=""#ff0000"">a</font>ssen, dass... — я слышал… / мне рассказывали…
Sie erzählt nie <font color=""#ff0000"">e</font>twas von sich selbst. — Он никогда ничего о себе не рассказывает.
Sie hat mir darüber erzählt. — Она рассказала мне об этом.
Das kannst du <font color=""#ff0000"">e</font><font color=""#ff0000"">i</font>nem <font color=""#ff0000"">a</font>nderen [d<font color=""#ff0000"">e</font><font color=""#ff0000"">i</font>ner Gr<font color=""#ff0000"">o</font>ßmutter] erzählen! разговорное слово, выражение — umgangssprachlich— Расскажи это кому-нибудь другому!
Er kann <font color=""#ff0000"">e</font>twas erzählen! разговорное слово, выражение — umgangssprachlich— Он видал виды! / Ему есть что вспомнить!"
nett,своего рода,,"Die Frau war sehr <strong>nett</strong>, aber ihr Deutsch war komisch.","<b>nett</b>

<ul>
  <li>
  Adjektiv — прилагательное
  <ul>
  <li>
  милый, приятный; любезный, вежливый
  s<font color=""#ff0000"">e</font><font color=""#ff0000"">i</font>en Sie so nett — будьте добры
das ist sehr nett von <font color=""#ff0000"">I</font>hnen — это очень мило с вашей стороны
Kannst du mit ihm n<font color=""#ff0000"">e</font>tter sein. — Ты не можешь быть с ним поприветливее.
</li>
  <li>
  миловидный, симпатичный, хорошенький
  ein nette Bl<font color=""#ff0000"">u</font>se — симпатичная кофточка
</li>
  <li>
  разговорное слово, выражение — umgangssprachlich большой, значительный
  <font color=""#ff0000"">e</font><font color=""#ff0000"">i</font>ne nette S<font color=""#ff0000"">u</font>mme — приличная сумма, большие деньги
</li>
  <li>
  разговорное слово, выражение — umgangssprachlich иронически — ironisch :
  das sind ja nette Z<font color=""#ff0000"">u</font>stände! — ну и порядки!
das ist ja <font color=""#ff0000"">e</font><font color=""#ff0000"">i</font>ne nette Gesch<font color=""#ff0000"">i</font>chte — хорошенькая история!
</li>
</ul>
</li>
  <li>
  Adverb — наречие
  <ul>
  <li>
  мило, славно, приятно, вежливо
</li>
  <li>
  употребляется — wird … gebraucht <i>для усиления глагольных значений </i> разговорное слово, выражение — umgangssprachlich очень, довольно-таки
  Sie h<font color=""#ff0000"">a</font>ben ja nett geschr<font color=""#ff0000"">i</font><font color=""#ff0000"">e</font>n! — Ох и кричали они!
</li>
</ul>
</li>
</ul>"
Möchtest,Хотеть,,"""<strong>Möchtest</strong> du ein Blootwooschbrot?"", fragte sie.""Wie bitte?"", sagte ich.","<b>mögen*</b>
( Präteritum — претерит (прошедшее время) m <font color=""#ff0000"">o</font> chte,  Partizip II — причастие II gem <font color=""#ff0000"">o</font> cht)  Modalverb — модальный глагол
<ul>
  <li>
  <i>выражает неуверенное предположение:</i>
  es mag sein — может быть
Sie mögen recht haben. — Возможно [пожалуй], Вы правы.
</li>
  <li>
  <i>в </i> Präteritum — претерит (прошедшее время) Konjunktiv — конъюнктив, сослагательное наклонение <i>выражает вежливую просьбу, желание:</i>
  ich möchte s<font color=""#ff0000"">a</font>gen — я бы хотел сказать
</li>
  <li>
  пусть  <span color=""grey""><i>(с уступительным значением и значением пожелания, косвенного приказания, иногда угрозы)</i></span>
  Sie möchten b<font color=""#ff0000"">i</font>tte m<font color=""#ff0000"">o</font>rgen mich <font color=""#ff0000"">a</font>nrufen. — Позвоните мне завтра, пожалуйста.
Möge <font color=""#ff0000"">e</font><font color=""#ff0000"">u</font>re Prüfung erf<font color=""#ff0000"">o</font>lgreich verl<font color=""#ff0000"">a</font><font color=""#ff0000"">u</font>fen! — Пусть ваш экзамен пройдёт успешно!
M<font color=""#ff0000"">ö</font>ge er dir h<font color=""#ff0000"">e</font>lfen. — Пусть он тебе поможет.
</li>
  <li>
  любить, чувствовать расположение  <span color=""grey""><i>(к кому-л, к чему-л)</i></span> ; хотеть  <span color=""grey""><i>(что-л)</i></span>
  das <font color=""#ff0000"">E</font>ssen nicht mögen — не любить блюдо
Ich mag sie nicht. — Она мне не нравится.
M<font color=""#ff0000"">a</font>gst du noch Tee? — Хочешь ещё чаю?
</li>
</ul>"
zeigte,показал,,"""Blootwoosch"", sagte sie und <strong>zeigte</strong> auf eine <strong>Tüte</strong>.","<b>z<font color=""#ff0000"">e</font><font color=""#ff0000"">i</font>gen</b>

<ul>
  <li>
  transitives Verb — переходный глагол
  <ul>
  <li>
  показывать, указывать  <span color=""grey""><i>(дорогу, путь)</i></span>
</li>
  <li>
  показывать  <span color=""grey""><i>(квартиру, достопримечательности)</i></span>
</li>
  <li>
  высокий стиль — gehoben показывать, проявлять
  Die B<font color=""#ff0000"">i</font>rken z<font color=""#ff0000"">e</font><font color=""#ff0000"">i</font>gen das <font color=""#ff0000"">e</font>rste Laub. — На берёзах показываются первые листочки.
</li>
  <li>
  проявлять, обнаруживать  <span color=""grey""><i>(интерес, понимание, рвение к работе и т. п.)</i></span>
  es j-m z<font color=""#ff0000"">e</font><font color=""#ff0000"">i</font>gen — 1) высказать кому-л своё мнение 2) доказать кому-л свою состоятельность
</li>
</ul>
</li>
  <li>
  intransitives Verb — непереходный глагол <i>(auf </i> Akkusativ — винительный падеж )  показывать, указывать  <span color=""grey""><i>(на кого-л, что-л)</i></span>
</li>
  <li>
  sich  z <font color=""#ff0000"">e</font> <font color=""#ff0000"">i</font> gen
  <ul>
  <li>
  показываться  <span color=""grey""><i>(где-л кому-л)</i></span>
</li>
  <li>
  сказаться  <span color=""grey""><i>(о последствиях)</i></span> ; показаться  <span color=""grey""><i>(напр, о тучах)</i></span> ; обнаружиться
</li>
  <li>
  показать себя; проявлять себя  <span color=""grey""><i>(каким-л)</i></span>
  sich d<font color=""#ff0000"">a</font>nkbar [erk<font color=""#ff0000"">e</font>nntlich] z<font color=""#ff0000"">e</font><font color=""#ff0000"">i</font>gen — отблагодарить, не остаться в долгу
sich über etw. <i>(</i>Akkusativ — винительный падеж<i>) </i>sehr enttäuscht z<font color=""#ff0000"">e</font><font color=""#ff0000"">i</font>gen — показывать глубокую разочарованность в чём-л
</li>
</ul>
</li>
</ul>
<b>zeigen</b>
(verbum transitivum) переходный глагол
показывать; экспонировать, выставлять
diese Gemälde werden im Museum permanent gezeigt — эти картины постоянно экспонируются в музее
in dieser Pose zeigt das Bild von Velásquez Philipp IV. — картина Веласкеса изображает Филиппа IV в этой позе"
Tüte,сумка,,"""Blootwoosch"", sagte sie und <strong>zeigte</strong> auf eine <strong>Tüte</strong>.","<b>Tüte</b>

Femininum — (существительное) женского рода <-, -n>
<ul>
  <li>
  (бумажный) пакет, кулёк
  <font color=""#ff0000"">e</font><font color=""#ff0000"">i</font>ne Tüte Bonb<font color=""#ff0000"">o</font>ns — пакетик конфет
Tüten f<font color=""#ff0000"">a</font>lten — сворачивать кульки
</li>
  <li>
  сокращение, сокращенно — Abkürzung <i>от </i> Eistüte  вафельный рожок для мороженого
</li>
  <li>
  сокращение, сокращенно — Abkürzung <i>от </i> Lohntüte  разговорное слово, выражение — umgangssprachlich конверт с заработной платой
</li>
  <li>
  сокращение, сокращенно — Abkürzung <i>от </i> Plastiktüte  (полиэтиленовый) пакет
</li>
  <li>
  фамильярное слово, выражение — salopp-umgangssprachlich болван, идиот
  Tüten kl<font color=""#ff0000"">e</font>ben [dr<font color=""#ff0000"">e</font>hen] разговорное слово, выражение — umgangssprachlich— отбывать срок (тюремного заключения)
etw. <i>(</i>Akkusativ — винительный падеж<i>) </i>kommt nicht in die Tüte разговорное слово, выражение — umgangssprachlich— о чём-л не может быть и речи
</li>
</ul>
<b>Tüte</b>

<ul>
  <li>
   алонж, приёмник; тонкостенный кокиль
</li>
  <li>
  бумажный кулёк; бумажная гильза  <span color=""grey"">( <i>в виде цилиндра или конуса</i> )</span>
</li>
</ul>"
nickte,кивнул,,"""Ah, Brot"", sagte ich und <strong>nickte</strong>.","<b>n<font color=""#ff0000"">i</font>cken</b>
intransitives Verb — непереходный глагол
<ul>
  <li>
  кивать
  Die Bl<font color=""#ff0000"">u</font>men n<font color=""#ff0000"">i</font>ckten im Wind. поэтическое слово, выражение — dichterisch— Цветы качались на ветру.
</li>
  <li>
  высокий стиль — gehoben :
  j-m B<font color=""#ff0000"">e</font><font color=""#ff0000"">i</font>fall n<font color=""#ff0000"">i</font>cken — одобрительно кивать кому-л
</li>
  <li>
  жаргон, жаргонизм — Jargon отбивать мяч головой  <span color=""grey""><i>(в футболе)</i></span>
</li>
  <li>
  фамильярное слово, выражение — salopp-umgangssprachlich дремать  <span color=""grey""><i>(сидя)</i></span> ; клевать носом
  nach dem <font color=""#ff0000"">E</font>ssen in <font color=""#ff0000"">e</font><font color=""#ff0000"">i</font>nem S<font color=""#ff0000"">e</font>ssel n<font color=""#ff0000"">i</font>cken — дремать в кресле после еды
</li>
</ul>"
gab,отдал,,Sie <strong>gab</strong> mir ein,"<b>gab</b>
Präteritum — претерит (прошедшее время) <i>от </i> 
<b>G<font color=""#ff0000"">a</font>be</b>

Femininum — (существительное) женского рода <-, -n>
<ul>
  <li>
  высокий стиль — gehoben дар, подарок
  j-m <font color=""#ff0000"">e</font><font color=""#ff0000"">i</font>ne G<font color=""#ff0000"">a</font>be m<font color=""#ff0000"">i</font>tbringenсильный глагол— принести кому-л подарок
</li>
  <li>
  высокий стиль — gehoben подаяние, милостыня
  um <font color=""#ff0000"">e</font><font color=""#ff0000"">i</font>ne G<font color=""#ff0000"">a</font>be b<font color=""#ff0000"">i</font>ttenсильный глагол— просить милостыню
G<font color=""#ff0000"">a</font>ben sp<font color=""#ff0000"">e</font>nden — делать пожертвования
</li>
  <li>
  дарование, талант
  die G<font color=""#ff0000"">a</font>be des Ges<font color=""#ff0000"">a</font>nges — дар певца
Er hat <font color=""#ff0000"">e</font><font color=""#ff0000"">i</font>ne gr<font color=""#ff0000"">o</font>ße G<font color=""#ff0000"">a</font>be. — У него большой талант.
</li>
  <li>
  медицина — Medizin доза  <span color=""grey""><i>(лекарства)</i></span>
</li>
</ul>
<b>Gabe</b>

доза

<b>Gabe</b>

<ul>
  <li>
  доза, норма  <span color=""grey"">( <i>напр. удобрения</i> )</span>
</li>
  <li>
  водоподача; полив; поливная норма
  © 2014 ABBYY. Все права защищены.
</li>
</ul>
<b>g<font color=""#ff0000"">e</font>ben*</b>

<ul>
  <li>
  transitives Verb — переходный глагол
  <ul>
  <li>
  давать, подавать
  j-m ein Buch g<font color=""#ff0000"">e</font>ben — дать кому-л книгу
j-m F<font color=""#ff0000"">e</font><font color=""#ff0000"">u</font>er g<font color=""#ff0000"">e</font>ben — дать прикурить
j-m was zu <font color=""#ff0000"">e</font>ssen g<font color=""#ff0000"">e</font>ben — давать кому-л что-л поесть
j-m die Hand g<font color=""#ff0000"">e</font>ben — подавать кому-л руку  <i>(при встрече и т. п.)</i>
</li>
  <li>
  давать, дарить
  etw. <i>(</i>Akkusativ — винительный падеж<i>) </i>zum Geb<font color=""#ff0000"">u</font>rtstag g<font color=""#ff0000"">e</font>ben — дарить что-л на день рождения
</li>
  <li>
  отдавать, сдавать
  das <font color=""#ff0000"">A</font><font color=""#ff0000"">u</font>to zu Reparat<font color=""#ff0000"">u</font>r g<font color=""#ff0000"">e</font>ben — отдавать машину в ремонт
das Gepäck in die Gepäckaufbewahrung g<font color=""#ff0000"">e</font>ben — сдавать багаж в камеру хранения
das Buch in Druck g<font color=""#ff0000"">e</font>ben — сдать книгу в печать
die <font color=""#ff0000"">E</font>ltern in Pfl<font color=""#ff0000"">e</font>ge g<font color=""#ff0000"">e</font>ben — отдать родителей на попечение
</li>
  <li>
  физкультура и спорт — Sport подавать, делать подачу
</li>
  <li>
  давать, предоставлять
  j-m Zeit g<font color=""#ff0000"">e</font>ben — давать время кому-л
j-m <font color=""#ff0000"">e</font><font color=""#ff0000"">i</font>ne Geleg<font color=""#ff0000"">e</font>nheit zu etw. <i>(</i>Dativ — дательный падеж<i>) </i>g<font color=""#ff0000"">e</font>ben — предоставить кому-л какую-л возможность
dem K<font color=""#ff0000"">u</font>nden Kred<font color=""#ff0000"">i</font>t geben — предоставить клиенту кредит
j-m das Recht geben — давать кому-л право
j-m die <font color=""#ff0000"">A</font>ntwort geben — ответить кому-л
j-m ein Verspr<font color=""#ff0000"">e</font>chen geben — пообещать кому-л что-л
j-m Besch<font color=""#ff0000"">e</font><font color=""#ff0000"">i</font>d geben — дать знать кому-л
</li>
  <li>
  давать, придавать
  j-m Mut geben — придавать кому-л смелости
j-m H<font color=""#ff0000"">o</font>ffnung geben — давать надежду кому-л твёрдость
</li>
  <li>
  давать, устраивать
  ein Konz<font color=""#ff0000"">e</font>rt geben — устраивать концерт
</li>
  <li>
  давать  <span color=""grey""><i>(какой-л результат)</i></span>
</li>
  <li>
  издавать  <span color=""grey""><i>(звук)</i></span> , давать, подавать  <span color=""grey""><i>(знак)</i></span>
</li>
  <li>
  <i>(auf </i> Akkusativ — винительный падеж )  придавать значение  <span color=""grey""><i>(чему-л)</i></span>
  viel auf Geld geben — придавать большое значение деньгам
</li>
  <li>
  диалектное слово — dialektal; в территориально ограниченном употреблении —landschaftlich, regional класть, добавлять  <span color=""grey""><i>(в еду)</i></span>
  Z<font color=""#ff0000"">u</font>cker in den Tee geben — положить сахар в чай
</li>
  <li>
  давать, производить
  Kühe geben Milch. — Коровы дают молоко.
</li>
</ul>
</li>
  <li>
  sich  geben
  <ul>
  <li>
  держаться, вести себя
  sich fr<font color=""#ff0000"">e</font><font color=""#ff0000"">u</font>ndlich geben — вести себя дружелюбно
</li>
  <li>
  отпуcкать, прекращаться  <span color=""grey""><i>(напр о боли)</i></span>
</li>
  <li>
  редко — selten иметь место, обнаружиться, случиться
  <font color=""#ff0000"">E</font><font color=""#ff0000"">i</font>ne Gel<font color=""#ff0000"">e</font>genheit hat sich geg<font color=""#ff0000"">e</font>ben. — Предоставилась одна возможность.
</li>
</ul>
</li>
  <li>
  unpersönliches Verb, Verbum impersonales — безличный глагол :
  es gibt — есть, имеется
Es gibt viel zu s<font color=""#ff0000"">e</font>hen in d<font color=""#ff0000"">i</font><font color=""#ff0000"">e</font>ser Stadt. — В этом городе много достопримечательностей.
Was gibt’s? — В чём дело?
Was gibt es h<font color=""#ff0000"">e</font><font color=""#ff0000"">u</font>te zum <font color=""#ff0000"">A</font>bendessen? — Что сегодня на ужин?
Es gibt h<font color=""#ff0000"">e</font><font color=""#ff0000"">u</font>te ein Gew<font color=""#ff0000"">i</font>tter. — Сегодня будет гроза.
Das gibt’s doch nicht! — Этого ещё не хватало!
</li>
</ul>
<b>geben</b>
(verbum transitivum) переходный глагол
<ul>
  <li>
  давать
</li>
  <li>
  передавать, изображать
  die Skizze gibt das Mädchen in Seitenansicht — эскиз изображает девушку сбоку / в профиль
</li>
</ul>
<b>geben</b>
<ul>
  <li>
  давать
</li>
  <li>
   передавать; работать ключом
</li>
</ul>"
Wurst,колбаса,,Sandwich mit <strong>Wurst</strong>.,"<b>Wurst</b>

Femininum — (существительное) женского рода <-, Würste>
<ul>
  <li>
  колбаса
  Brot mit Wurst bel<font color=""#ff0000"">e</font>gen — делать бутерброд с колбасой
</li>
  <li>
  переносно — übertragen колбаса; предмет в форме колбасы
  aus j-m Wurst m<font color=""#ff0000"">a</font>chen разговорное слово, выражение — umgangssprachlich— сделать котлету из кого-л
j-m Wurst seinсильный глагол— быть безразличным [равнодушным] к чему-л
Wurst wider Wurst разговорное слово, выражение — umgangssprachlich— баш на баш / око за око, зуб за зуб / услуга за услугу
mit der Wurst nach der Sp<font color=""#ff0000"">e</font>ckseite [nach dem Sch<font color=""#ff0000"">i</font>nken] w<font color=""#ff0000"">e</font>rfenсильный глаголразговорное слово, выражение — umgangssprachlich— рисковать малым ради большого; дать лычко, чтобы получить ремешок
Es geht um die Wurst! разговорное слово, выражение — umgangssprachlich— наступил решающий момент! /либо пан, либо пропал!
Darn<font color=""#ff0000"">a</font>ch der Mann ger<font color=""#ff0000"">a</font>ten, wird ihm die Wurst gebr<font color=""#ff0000"">a</font>ten. — Каков человек, такую ему и колбасу.
Brätst du mir die Wurst, so lösch ich dir den Durst. — Если ты мне пожаришь колбасу, я утолю твою жажду. / Долг платежом красен.
</li>
</ul>"
lecker,вкусно,,Es war <strong>lecker</strong>.,"<b>l<font color=""#ff0000"">e</font>cker</b>
<ul>
  <li>
  Adjektiv — прилагательное
  <ul>
  <li>
  вкусный, аппетитный, лакомый, возбуждающий аппетит
  eine l<font color=""#ff0000"">e</font>ckere Frau переносно — übertragen— аппетитная  <i>(привлекательная) </i> женщина
</li>
  <li>
  устаревающее слово, выражение — veraltend привередливый, разборчивый  <span color=""grey""><i>(в еде)</i></span>
</li>
</ul>
</li>
  <li>
  Adverb — наречие вкусно, аппетитно
</li>
</ul>
<b>leck</b>

Adjektiv — прилагательное протекающий, имеющий течь, пропускающий воду
Der Tank ist leck. — Цистерна [бак] течёт [протекает].
Das Schiff ist leck. — Судно имеет пробоину."
schüttelte,потряс,,"""Was ist Blot-wosch?"", fragte ich und <strong>kaute</strong>.Die Frau <strong>schüttelte</strong> ihren Kopf.","<b>schütteln</b>

<ul>
  <li>
  transitives Verb — переходный глагол
  <ul>
  <li>
  трясти
  j-n am Arm schütteln — дёргать кого-л за руку
den Kopf schütteln — качать головой  <i>(в качестве отрицательного ответа)</i>
</li>
  <li>
  просеивать  <span color=""grey""><i>(муку и т. п.)</i></span>
</li>
  <li>
  встряхивать; взбалтывать
  Vor Gebr<font color=""#ff0000"">a</font><font color=""#ff0000"">u</font>ch schütteln! — Перед употреблением взбалтывать!
</li>
</ul>
</li>
  <li>
  sich  schütteln
  <ul>
  <li>
  трястись; отряхиваться
</li>
  <li>
  трястись, содрогаться
  von Angst schütteln — содрогаться от страха
</li>
</ul>
</li>
</ul>
<b>schütteln</b>
встр <font color=""#ff0000"">я</font> хивать, взб <font color=""#ff0000"">а</font> лтывать"
kaute,жевал,,"""Was ist Blot-wosch?"", fragte ich und <strong>kaute</strong>.Die Frau <strong>schüttelte</strong> ihren Kopf.","<b>k<font color=""#ff0000"">a</font><font color=""#ff0000"">u</font>en</b>

<ul>
  <li>
  transitives Verb — переходный глагол жевать; пережёвывать
  das <font color=""#ff0000"">E</font>ssen gründlich k<font color=""#ff0000"">a</font><font color=""#ff0000"">u</font>en — хорошо пережёвывать пищу
</li>
  <li>
  intransitives Verb — непереходный глагол <i>(an </i> Dativ — дательный падеж ,  <i>auf </i> Dativ — дательный падеж )  грызть; глодать
  an den L<font color=""#ff0000"">i</font>ppen k<font color=""#ff0000"">a</font><font color=""#ff0000"">u</font>en — кусать губы
auf dem Bl<font color=""#ff0000"">e</font><font color=""#ff0000"">i</font>stift k<font color=""#ff0000"">a</font><font color=""#ff0000"">u</font>en — грызть кончик карандаша
</li>
</ul>"
Kölsch,Кёльш,,"Das ist <strong>Kölsch</strong> für Blutwurst.""Ich <strong>schluckte</strong>.","<b>Kölsch</b>
<ul>
  <li>
  Neutrum — (существительное) среднего рода <-(s), ->
  кёльнский диалект
</li>
  <li>
  Maskulinum — (существительное) мужского рода <-(e)s, ->  швейцарский (национальный вариант немецкого языка — schweizerisch) кёльш  <span color=""grey""><i>(грубая хлопчатобумажная ткань)</i></span>
</li>
</ul>"
schluckte,проглотил,,"Das ist <strong>Kölsch</strong> für Blutwurst.""Ich <strong>schluckte</strong>.","<b>schl<font color=""#ff0000"">u</font>cken</b>

transitives Verb — переходный глагол
<ul>
  <li>
  глотать, проглатывать
  <font color=""#ff0000"">e</font><font color=""#ff0000"">i</font>ne P<font color=""#ff0000"">i</font>lle schl<font color=""#ff0000"">u</font>cken — проглотить таблетку
Nach d<font color=""#ff0000"">i</font><font color=""#ff0000"">e</font>sen W<font color=""#ff0000"">o</font>rten m<font color=""#ff0000"">u</font>sste er schl<font color=""#ff0000"">u</font>cken. разговорное слово, выражение — umgangssprachlich— После этих слов он чуть не заплакал.
</li>
  <li>
  фамильярное слово, выражение — salopp-umgangssprachlich поглощать, глотать  <span color=""grey""><i>(алкогольные напитки)</i></span>
</li>
  <li>
  разговорное слово, выражение — umgangssprachlich наглотаться, надышаться  <span color=""grey""><i>(пыли, газа и т. п.)</i></span>
</li>
  <li>
  проглатывать, пожирать  <span color=""grey""><i>(напр о предприятии)</i></span>
</li>
  <li>
  разговорное слово, выражение — umgangssprachlich проглатывать  <span color=""grey""><i>(оскорбление и т. п.)</i></span> , терпеливо сносить
</li>
  <li>
  разговорное слово, выражение — umgangssprachlich проглатывать, принимать на веру
</li>
  <li>
  разговорное слово, выражение — umgangssprachlich впитывать  <span color=""grey""><i>(жидкость)</i></span>
</li>
  <li>
  разговорное слово, выражение — umgangssprachlich пожирать  <span color=""grey""><i>(бензин – об автомобиле)</i></span>
</li>
</ul>
<b>schlucken</b>
поглощать, абсорбировать"
noch,Все еще,,"Willst du <strong>noch</strong> eins?"", fragte die Frau.""Nein, danke"", sagte ich.","<b>noch</b>

<ul>
  <li>
  Adverb — наречие
  <ul>
  <li>
  ещё; пока ещё
  noch jung — ещё молодой
noch hier — ещё здесь
noch <font color=""#ff0000"">i</font>mmer — всё ещё
Sie schläft noch. — Она ещё спит.
</li>
  <li>
  ещё  <span color=""grey""><i>(о будущем)</i></span>
  Es wird noch <font color=""#ff0000"">a</font>lles w<font color=""#ff0000"">i</font><font color=""#ff0000"">e</font>der gut. — Ещё всё наладится.
</li>
  <li>
  ещё, уже; не позднее, как…
  noch g<font color=""#ff0000"">e</font>stern h<font color=""#ff0000"">a</font>be ich ihn bes<font color=""#ff0000"">u</font>cht. — Ещё вчера я посещал его.
</li>
  <li>
  M<font color=""#ff0000"">e</font><font color=""#ff0000"">i</font>ne <font color=""#ff0000"">O</font>ma hat noch den K<font color=""#ff0000"">a</font><font color=""#ff0000"">i</font>ser ges<font color=""#ff0000"">e</font>hen. — Моя бабушка ещё кайзера видела.
</li>
  <li>
  ещё, да  <span color=""grey""><i>(при обозначении добавления к чему-л)</i></span>
  noch <font color=""#ff0000"">e</font><font color=""#ff0000"">i</font>nmal [mal разговорное слово, выражение — umgangssprachlich<i>] </i>— ещё раз
noch (<font color=""#ff0000"">e</font><font color=""#ff0000"">i</font>n)mal so lang — вдвое длиннее
noch <font color=""#ff0000"">e</font><font color=""#ff0000"">i</font>nmal so groß — вдвое больше
noch <font color=""#ff0000"">e</font><font color=""#ff0000"">i</font>nmal sov<font color=""#ff0000"">i</font><font color=""#ff0000"">e</font>l — ещё столько же
noch ein L<font color=""#ff0000"">a</font>mpe — ещё одна лампа
</li>
  <li>
  употребляется — wird … gebraucht <i>с </i> Komparativ — сравнительная степень :
  noch z<font color=""#ff0000"">e</font>hnmal größer — ещё в десять раз больше
das wäre ja noch schöner [t<font color=""#ff0000"">o</font>ller]! иронически — ironisch— этого только ещё не хватало!
</li>
  <li>
  употребляется — wird … gebraucht <i>для усиления </i> спрягается со вспомогательным глаголом sein :
  Du kannst noch so w<font color=""#ff0000"">e</font><font color=""#ff0000"">i</font>nen, ich ändere m<font color=""#ff0000"">e</font><font color=""#ff0000"">i</font>ne Entsch<font color=""#ff0000"">e</font><font color=""#ff0000"">i</font>dung nicht. — Ты можешь ещё сколько угодно плакать, я своего решения не изменю.
noch und noch, noch und nöcher — в большом количестве, много  <i>(чего-л)</i>
noch und und n<font color=""#ff0000"">o</font>chmals, noch und noch <font color=""#ff0000"">e</font><font color=""#ff0000"">i</font>nmal — снова и снова
</li>
</ul>
</li>
  <li>
  Konjunktion — союз :
  w<font color=""#ff0000"">e</font>der… noch… [nicht… noch… разговорное слово, выражение — umgangssprachlich<i>] </i>— ни… ни…
w<font color=""#ff0000"">e</font>der sie noch er — ни она, ни он
nicht im S<font color=""#ff0000"">o</font>mmer noch im W<font color=""#ff0000"">i</font>nter — ни летом, ни зимой
</li>
  <li>
  Partikel — частица
  <ul>
  <li>
  употребляется — wird … gebraucht <i>в утвердительных предложениях для усиления:</i>
  D<font color=""#ff0000"">i</font><font color=""#ff0000"">e</font>sem M<font color=""#ff0000"">e</font>nschen kann ich noch gl<font color=""#ff0000"">a</font><font color=""#ff0000"">u</font>ben. — Вот этому человеку я ещё могу верить.
</li>
  <li>
  употребляется — wird … gebraucht <i>для выражения волнения, угрозы:</i>
  Du wirst noch l<font color=""#ff0000"">a</font>nge dich an mich er<font color=""#ff0000"">i</font>nnern! — Ты меня ещё долго вспоминать будешь!
</li>
  <li>
  <i>выражает удивление, </i> употребляется — wird … gebraucht обыкновенно — gewöhnlich <i>с </i> doch:
  Da können Sie noch l<font color=""#ff0000"">a</font>chen! — Ты ещё и смеяться можешь!
</li>
  <li>
  употребляется — wird … gebraucht <i>с отрицанием:</i>
  Das d<font color=""#ff0000"">a</font><font color=""#ff0000"">u</font>ert noch k<font color=""#ff0000"">e</font><font color=""#ff0000"">i</font>ne fünf Min<font color=""#ff0000"">u</font>ten. — Это и пяти минут не отнимет.
</li>
  <li>
  Wie war das noch? — Как это (там) называлось?
</li>
</ul>
</li>
</ul>"
